{
  "environment" : "sbt",
  "summary" : "A course designed to go through the rudiments of working with Scala and some common gotchas that often catch people out.\n\nCreated: Jan 29, 2021 by Simon Adams\n\n",
  "title" : "Simon's Scala exercises",
  "authors" : [
    "Simon Adams"
  ],
  "programming_language" : "Scala",
  "language" : "en",
  "course_type" : "PyCharm",
  "items" : [
    {
      "title" : "Basics",
      "items" : [ ],
      "type" : "section"
    },
    {
      "title" : "Monads",
      "items" : [
        {
          "title" : "Theory",
          "task_list" : [
            {
              "name" : "theory",
              "files" : {
                "src/Main.scala" : {
                  "name" : "src/Main.scala",
                  "placeholders" : [ ],
                  "is_visible" : true,
                  "text" : "sealed trait Fish\n\ncase object Cod extends Fish\ncase object Plaice extends Fish\n\nsealed trait Chips\n\ncase object Regular extends Chips\ncase object Battered extends Chips\n\ncase class FishAndChips(fish: Fish, chips: Chips)\n\nobject Main {\n   def main(args: Array[String]): Unit = {\n      // this should work as we expect\n      println(prepareOrder(Plaice, Battered))\n\n      /* this should return a NullPointerException, which breaks the contract the method signature establishes\n         (i.e. it says that the method always returns FishAndChips) */\n      println(prepareOrder(fish = null, Regular))\n\n      /* This is better because we abstract the null checks into option, we can reason that the values might not\n         be there just by looking at the signature and we also can see that the output is either\n         Some(FishAndChips()) or None and NEVER null.\n      */\n      println(prepareOrderImproved(Some(Cod), Some(Battered)))\n      println(prepareOrderImproved(optFish = None, Some(Regular)))\n   }\n\n   // Bad\n   def prepareOrder(fish: Fish, chips: Chips): FishAndChips =\n      if (fish == null) null\n      else if (chips == null) null\n      else FishAndChips(fish, chips)\n\n   // Good\n   def prepareOrderImproved(optFish: Option[Fish], optChips: Option[Chips]): Option[FishAndChips] =\n      for {\n         fish <- optFish\n         chips <- optChips\n      } yield FishAndChips(fish, chips)\n}"
                },
                "build.sbt" : {
                  "name" : "build.sbt",
                  "placeholders" : [ ],
                  "is_visible" : false,
                  "text" : "scalaSource in Compile := baseDirectory.value / \"src\"\nscalaSource in Test := baseDirectory.value / \"test\"\nlibraryDependencies += \"org.scalatest\" %% \"scalatest\" % \"3.0.5\"\n"
                }
              },
              "description_text" : "<html>\n\n    <h1>Definition: What is a Monad?</h1>\n    <p>\n        The term \"Monad\" comes from Category Theory and is often confusing/opaque to new Scala developers as it's something you hear\n        mentioned a lot but unless you come from a mathematical background are likely to not be familiar with.\n    </p>\n\n    <h2>The programmer's perspective</h2>\n    <p>\n        Simply speaking, in coding, a Monad is one of many possible design patterns that can be used to abstract away common functionality\n        so that we can (amongst other things):\n    </p>\n\n\n\n    <ul>\n        <li>make better reasoning about the code simply from reading it</li>\n        <li>enforce at compile time certain rules that ensure our data is not handled in unexpected ways</li>\n        <li>reduce silly bugs in our code (though of course not eliminating the chance of bugs entirely)</li>\n    </ul>\n\n    <p>A great example of this is the Maybe monad, which in Scala is called <strong>Option</strong>.</p>\n\n    <p>Imagine you're writing a method for a chip shop order app to create fish and chips. You need some sort of\n        Fish and some Chips to make an order, so you need to check that both parameters have been provided.\n        <a href=\"psi_element://Main#prepareOrder\">Traditionally you might do something like this</a>:\n    </p>\n    <br>\n\n    <pre>\n        <code>\n            def prepareOrder(fish: Fish, chips: Chips): FishAndChips = {\n                if (fish == null) null\n                else if (chips == null) null\n                else FishAndChips(Fish, Chips)\n            }\n        </code>\n    </pre>\n\n    <p>Crap, isn't it... Why? Well...</p>\n    <ul>\n        <li>the method can return null as well as FishAndChips but we can't tell that from the method signature</li>\n        <li>every parameter that can be null has to have a null check which clutters the code</li>\n        <li>the sentence \"I have null fish\" makes no sense, so the data is nonsensical</li>\n    </ul>\n\n    <p>\n        So...\n        <ul>\n            <li>we have a piece of common functionality that we want to abstract away; a null check</li>\n            <li>we want to reference and reinforce the optional nature of the data in our method signature</li>\n        </ul>\n\n        This is where our Option monad comes in to help.\n    </p>\n\n    <h2>Our method, refactored to use Options</h2>\n    <p>\n        <a href=\"psi_element://Main#prepareOrderImproved\">Take a look at the updated method</a>, but don't worry too\n        much about the implementation for now - this will be explained later in a section about some Scala magic called\n        \"For comprehensions\".\n    </p>\n    <br>\n\n    <h3>Observations</h3>\n\n    <p>The functionality is essentially the same, but note how the null checks have gone.</p>\n    <p>Note also that:</p>\n    <ul>\n        <li>the method parameters are now Option[Fish] and Option[Chips] and the method returns Option[FishAndChips]</li>\n        <li>within the method body I never reference Options at all, but there are no compilation errors</li>\n        <li>IntelliJ (and the Scala compiler) magically knows that the method will return an Option[FishAndChips] despite this</li>\n    </ul>\n    <p>\n        This point references one part of the essential nature of a Monad - that when you perform an operation on the\n        contents of a Monad, the result is also wrapped in a Monad of the <strong>same type</strong>.\n    </p>\n    <p>\n        So therefore looking at the method signature alone, we can deduce that we don't have to provide fish or chips, but that depending on what we provide\n        we may not get FishAndChips. Makes a lot of sense right?\n    </p>\n\n</html>",
              "description_format" : "HTML",
              "feedback_link" : {
                "link_type" : "STEPIK"
              },
              "task_type" : "theory"
            }
          ],
          "type" : "lesson"
        },
        {
          "title" : "Options",
          "task_list" : [
            {
              "name" : "task 1 working with the contents of an option",
              "files" : {
                "src/Task.scala" : {
                  "name" : "src/Task.scala",
                  "placeholders" : [
                    {
                      "offset" : 288,
                      "length" : 3,
                      "possible_answer" : "optFishAndChipOrder.map(order => s\"Order: ${order.fish} and ${order.chips}\")",
                      "placeholder_text" : "???"
                    }
                  ],
                  "is_visible" : true,
                  "text" : "\n\nclass Task {\n\n  // This should return something like:\n  // \"Order: Cod and Battered\" or \"Order: Plaice and Regular\" when an order exists\n  // Edit the describeOrders method to make it work as expected\n  def describeOrder(optFishAndChipOrder: Option[FishAndChips]): Option[String] =\n    ???\n\n}\n\n"
                },
                "test/TestSpec.scala" : {
                  "name" : "test/TestSpec.scala",
                  "placeholders" : [ ],
                  "is_visible" : false,
                  "text" : "import org.scalatest.{FunSuite, Matchers, MustMatchers, WordSpec}\n\nclass TestSpec extends WordSpec with MustMatchers {\n\n  \"The Fish and Chip shop\" must {\n    \"describe a Cod and Battered order correctly\" in new Task {\n      val order = Some(FishAndChips(Cod, Battered))\n      describeOrder(order) mustBe Some(\"Order: Cod and Battered\")\n    }\n    \"describe a Plaice and Regular chips order correctly\" in new Task {\n      val order = Some(FishAndChips(Plaice, Regular))\n      describeOrder(order) mustBe Some(\"Order: Plaice and Regular\")\n    }\n    \"return nothing if the order is None\" in new Task {\n      val order = None\n      describeOrder(order) mustBe None\n    }\n  }\n\n}\n"
                },
                "build.sbt" : {
                  "name" : "build.sbt",
                  "placeholders" : [ ],
                  "is_visible" : false,
                  "text" : "scalaSource in Compile := baseDirectory.value / \"src\"\nscalaSource in Test := baseDirectory.value / \"test\"\nlibraryDependencies += \"org.scalatest\" %% \"scalatest\" % \"3.0.5\"\n"
                },
                "src/FishAndChips.scala" : {
                  "name" : "src/FishAndChips.scala",
                  "placeholders" : [ ],
                  "is_visible" : true,
                  "text" : "sealed trait Fish\n\ncase object Cod extends Fish\ncase object Plaice extends Fish\n\nsealed trait Chips\n\ncase object Regular extends Chips\ncase object Battered extends Chips\n\ncase class FishAndChips(fish: Fish, chips: Chips)\n\n"
                }
              },
              "description_text" : "<html>\n\n<h1>Task 1: the \"map()\" method</h1>\n\n<p>So we have our Option monad that does <code>null</code> checks, but how do we do stuff with our Fish and Chips\n    when they exist?</p>\n\n<p>Enter the <code>map()</code> method. Easy to understand nam, right? Don't worry you'll get it in time.</p>\n<br>\n\n<h2>What does it do?</h2>\n<p>Say you're in your car and you need to get from place A to place B. What would help you get there? A <strong>map</strong>, of course!</p>\n\n<p>So in Monad terms - and it works with any Monad - the <code>map()</code> method allows you to describe <em>how</em>\n    to get from the current contents of the Monad to what you want.</p>\n\n<p>This means you can do lots of magical things to the current contents, you can manipulate it, swap it out for something else\n    or even throw the contents away entirely and replace it with something else.</p>\n\n<p>e.g., say I have an order and I want to swap the type of chips in it, I can do this:</p>\n<br>\n\n<pre>\n    <code>\n        val codAndRegularOrder = Some(FishAndChips(Cod, Regular))\n\n        val result = codAndRegularOrder.map(order => order.copy(chips = Battered))\n    </code>\n</pre>\n\n<p>Ooh, nice! Can you guess what the value of <code>result</code> might be?</p>\n<p>That's right, it's <code>Some(FishAndChips(Cod, Battered))</code>. Don't worry if you didn't get it, I'll explain why...</p>\n\n<p>Let's have a closer look at the above. Between the brackets we have this construction, using a \"fat arrow\":</p>\n<br>\n\n<code>something => somethingElse</code>\n\n<p>What this defines is a <strong>morphism</strong>, another fancy word for a transition from one category to another.\n    Any <strong>type</strong> in scala is considered a category and we can define methods that describe how to alter one thing into another,\n    though don't forget, the result can be the same type as the original data\n    In fact, if we look at the definition of map for the Option Monad, it's:</p>\n<br>\n\n<code>def map[B](f: A => B): Option[B]</code>\n\n<p>Ooooh it's almost as if I was dropping you hints earlier or something! map accepts a method which takes a value of type A\n    (which here is understood to be the existing contents of the Option) to type B, which it infers from the return type of\n    said method.</p>\n\n<p>For example if I want to throw away the FishAndChips and replace it with a String value that say's \"Hello\" (for whatever reason)\n    I could provide a method like the below as the parameter for <code>map()</code>:</p>\n<br>\n\n<pre>\n    <code>\n        fishAndChips => \"Hello!\"\n    </code>\n</pre>\n\n<p>the bit on the left-hand side of the arrow (<code>=></code>) is a reference that refers to the existing contents of the monad. You can call it\n    whatever you want, but make sure it's meaningful (naming things well is half the battle when it comes to code)</p>\n\n<p>On the right-hand side is the method body where we decide what we want to do. Here we throw away the current contents of the\n    monad and replace it with something else, but we could have also used that \"<code>fishAndChips</code>\" reference\n    to do something with the existing data.</p>\n\n<p>In the above example, because we're not actually using the contents of the monad for anything,\n    by convention we would usually use the <strong>wildcard operator</strong> ( <code>_</code> ) instead of assigning\n    a reference to the existing data to imply that we don't care about it. Awww... e.g.</p>\n<br>\n\n<pre>\n    <code>\n        codAndRegularOrder.map(_ => \"Hello!\")\n    </code>\n</pre>\n\n<p>Take aways:</p>\n\n<ul>\n    <li><code>map()</code> takes a <strong>method</strong> as a parameter that goes from \"A to B\" (type A to type B)</li>\n    <li>B need not be different to A</li>\n    <li>type B is inferred from the <strong>return type</strong> of the method</li>\n    <li>the result is ALWAYS wrapped back in a Monad of the same type, which in this case is an Option</li>\n\n</ul>\n\n</html>",
              "description_format" : "HTML",
              "feedback_link" : {
                "link_type" : "STEPIK"
              },
              "task_type" : "edu"
            },
            {
              "name" : "task2 creating option values",
              "files" : {
                "src/Main.scala" : {
                  "name" : "src/Main.scala",
                  "placeholders" : [
                    {
                      "offset" : 156,
                      "length" : 3,
                      "possible_answer" : "Some(1)",
                      "placeholder_text" : "???"
                    },
                    {
                      "offset" : 190,
                      "length" : 3,
                      "possible_answer" : "Some(3)",
                      "placeholder_text" : "???"
                    },
                    {
                      "offset" : 227,
                      "length" : 3,
                      "possible_answer" : "Some(\"two\")",
                      "placeholder_text" : "???"
                    },
                    {
                      "offset" : 264,
                      "length" : 3,
                      "possible_answer" : "Some(\"1\")",
                      "placeholder_text" : "???"
                    },
                    {
                      "offset" : 298,
                      "length" : 3,
                      "possible_answer" : "Some(0)",
                      "placeholder_text" : "???"
                    },
                    {
                      "offset" : 335,
                      "length" : 3,
                      "possible_answer" : "None",
                      "placeholder_text" : "???"
                    },
                    {
                      "offset" : 372,
                      "length" : 3,
                      "possible_answer" : "None",
                      "placeholder_text" : "???"
                    },
                    {
                      "offset" : 406,
                      "length" : 3,
                      "possible_answer" : "Some(1)",
                      "placeholder_text" : "???"
                    },
                    {
                      "offset" : 440,
                      "length" : 3,
                      "possible_answer" : "Some(1)",
                      "placeholder_text" : "???"
                    },
                    {
                      "offset" : 475,
                      "length" : 3,
                      "possible_answer" : "None",
                      "placeholder_text" : "???"
                    },
                    {
                      "offset" : 513,
                      "length" : 3,
                      "possible_answer" : "Some(\"37\")",
                      "placeholder_text" : "???"
                    }
                  ],
                  "is_visible" : true,
                  "text" : "import org.scalatest.MustMatchers\n\nobject Main extends MustMatchers {\n\n   // Fill your answers in here to the questions below\n   val answer1: Option[Int] = ???\n   val answer2: Option[Int] = ???\n   val answer3: Option[String] = ???\n   val answer4: Option[String] = ???\n   val answer5: Option[Int] = ???\n   val answer6: Option[String] = ???\n   val answer7: Option[String] = ???\n   val answer8: Option[Int] = ???\n   val answer9: Option[Int] = ???\n   val answer10: Option[Int] = ???\n   val answer11: Option[String] = ???\n\n   def main(args: Array[String]): Unit = {\n\n      /* Remember, Option monad takes a type annotation to describe what it contains, e.g. Option[T]\n         where T can be any type of your choice */\n\n      // Q1: Make an Option that contains the number 1\n      val optInt: Option[Int] = answer1\n\n      // Q2\n      optInt.map (_ + 2) mustBe answer2\n\n      // Q3\n      optInt map (_ => \"two\") mustBe answer3\n\n      // Q4\n      optInt map (value => value.toString) mustBe answer4\n\n      // Q5\n      optInt map { value => value - 1 } mustBe answer5\n\n      // Q6\n      val emptyOptString: Option[String] = answer6\n\n      // Q7\n      emptyOptString.map(_.toLowerCase) mustBe answer7\n\n      // Q8\n      val whatDoesThisDo = Option(1)\n      whatDoesThisDo mustBe answer8\n\n      // Q9\n      val howAboutThis = Option.apply(1)\n      howAboutThis mustBe answer9\n\n      // Q10\n      val orThis = Option.empty\n      val result: Option[Int] = orThis\n      result mustBe answer10\n\n      // Q11\n      val intOpt = Some(10)\n      val added = intOpt.map(_ + 35)\n      val subtracted = added.map(_ - 8)\n      val stringified = subtracted.map(_.toString)\n\n      stringified mustBe answer11\n\n      AnswerChecker.checkAnswers\n   }\n\n}"
                },
                "build.sbt" : {
                  "name" : "build.sbt",
                  "placeholders" : [ ],
                  "is_visible" : false,
                  "text" : "scalaSource in Compile := baseDirectory.value / \"src\"\nscalaSource in Test := baseDirectory.value / \"test\"\nlibraryDependencies += \"org.scalatest\" %% \"scalatest\" % \"3.0.5\"\n"
                },
                "test/output.txt" : {
                  "name" : "test/output.txt",
                  "placeholders" : [ ],
                  "is_visible" : false,
                  "text" : "(Some(1),Some(3),Some(two),Some(1),Some(0),None,None,Some(1),Some(1),None,Some(37))"
                },
                "src/AnswerChecker.scala" : {
                  "name" : "src/AnswerChecker.scala",
                  "placeholders" : [ ],
                  "is_visible" : false,
                  "text" : "import Main.{answer1, answer10, answer11, answer2, answer3, answer4, answer5, answer6, answer7, answer8, answer9}\n\nobject AnswerChecker {\n\n  def checkAnswers = {\n    print(answer1, answer2, answer3, answer4, answer5, answer6, answer7, answer8, answer9, answer10, answer11)\n\n  }\n\n}\n"
                }
              },
              "description_text" : "<html>\n\n<h2>Task 2: Creating Option values</h2>\n\n<p>\n    We now have the ability to work with an existing <code>Option</code>, but how would we go about making our own?\n</p>\n\n<p>\n   The <code>Option[T]</code> monad has two sub types in Scala, <code>Some</code> and <code>None</code>\n</p>\n\n<h2>Some</h2>\n<p>\n    <code>Some</code> has the semantic meaning that the value is present. You create a <code>Some</code> value using it's <code>apply()</code> method,\n    which can be done like either example below, both are equivalent\n</p>\n<ol>\n    <li><code>Some(???)</code></li>\n    <li><code>Some.apply(???)</code></li>\n</ol>\n\n<p>\n    ... Where \"???\" is whatever you want to put inside the option. The type of the contents will be inferred from whatever you\n    put inside, so <code>Some(1)</code> has the type Option[Int] and <code>Some(\"Hello\")</code> has the type Option[String]\n</p>\n\n<p>\n    By convention we tend to use <code>Some()</code>, rather than <code>Some.apply()</code> because it's more readable, but\n    it's useful to know what's happening under the hood, should you need it at some point. Some point, get it?\n</p>\n<br>\n\n<h2>None</h2>\n<p>\n    <code>None</code> represents the absence of a value. It doesn't take a type, but None works with any Option as under the\n    hood it's technically <code>Option[Nothing]</code> and <code>Nothing</code> is a subtype of every type.\n</p>\n\n<h2>Question 5</h2>\n<div class=\"hint\">\n    The only difference here is the use of braces (curly brackets) <code>{ }</code> instead of round brackets <code>( )</code>.\n    Braces define a multi-line block of code, whereas everything must be on one line between round brackets.\n</div>\n\n<h2>Question 9</h2>\n<div class=\"hint\">\n    When you write Option(1), you're actually using syntactic sugar for Option.apply(1)\n</div>\n\n\n</html>",
              "description_format" : "HTML",
              "feedback_link" : {
                "link_type" : "STEPIK"
              },
              "task_type" : "output"
            },
            {
              "name" : "task3 joining optional values together",
              "files" : {
                "src/Task.scala" : {
                  "name" : "src/Task.scala",
                  "placeholders" : [ ],
                  "is_visible" : true,
                  "text" : "class Task {\n\n  def fullName(optFirst: Option[String], optLastName: Option[String]): Option[String] = ???\n\n}"
                },
                "test/TestSpec.scala" : {
                  "name" : "test/TestSpec.scala",
                  "placeholders" : [ ],
                  "is_visible" : false,
                  "text" : "import org.scalatest.{FunSuite, MustMatchers, WordSpec}\n\nclass TestSpec extends WordSpec with MustMatchers {\n\n  val testFirstName = \"Sam\"\n  val testLastName = \"Smith\"\n\n  \"fullName\" must {\n    \"return the complete name when first and last name are populated\" in new Task {\n      fullName(Some(testFirstName), Some(testLastName)) mustBe Some(s\"$testFirstName $testLastName\")\n    }\n    \"return None if first name is missing\" in new Task {\n      fullName(None, Some(testLastName)) mustBe None\n    }\n    \"return None if last name is missing\" in new Task {\n      fullName(Some(testFirstName), None) mustBe None\n    }\n  }\n\n}\n"
                },
                "build.sbt" : {
                  "name" : "build.sbt",
                  "placeholders" : [ ],
                  "is_visible" : false,
                  "text" : "scalaSource in Compile := baseDirectory.value / \"src\"\nscalaSource in Test := baseDirectory.value / \"test\"\nlibraryDependencies += \"org.scalatest\" %% \"scalatest\" % \"3.0.5\"\n"
                }
              },
              "description_text" : "<html>\n\n<h1>Task 3: joining Options together</h1>\n\n<p>\n    We know that the <code>map()</code> method allows us to work with the contents of our Options, but\n    what about when we have multiple options and we want to combine the contents of all of them and do something\n    with all the data, returning the result in a single Option?\n</p>\n\n<p>\n    This defines the critical component of a Monad; that it can be chained together\n    with other monads of the same kind. The fancy term for this is \"Monadic composition\", if you're interested.\n</p>\n\n<p>\n    In Haskell this method is referred to as <strong>bind</strong>, which makes a lot of sense. In Scala, they opted for\n    the slightly more opaque <code>flatMap()</code>.\n</p>\n\n<p>\n    As you'll see later on however, <code>flatMap()</code> is still a perfectly valid description for what it does, but\n    I personally find bind to be a more useful descriptor.\n</p>\n<br>\n\n<h2>Under the hood</h2>\n\n<p>\n    Let's take a look at Option's definition of <code>flatMap()</code>:\n</p>\n<br>\n\n<pre>\n    <code>\n        def flatMap[B](f: A => Option[B]): Option[B]\n    </code>\n</pre>\n\n<p>\n    Compare this with the definition of <code>map()</code>:\n</p>\n<br>\n\n<pre>\n    <code>\n        def map[B](f: A => B): Option[B]\n    </code>\n</pre>\n\n<p>If you missed it, the essential differences are:</p>\n\n<ul>\n    <li><code>map()</code> takes a method that must return something of type <code>B</code>, then wraps the result in an <code>Option</code> for you</li>\n    <li><code>flatMap()</code> takes a method that must return an <code>Option[B]</code>, but does <em>no such wrapping</em> for you</li>\n</ul>\n\n<p>\n    Through clever whizzy magic, this allows us to nest together great chains of <code>Option</code> Monads as long as at\n    some point the an Option is returned.\n</p>\n\n<p>\n    Let's look at an example where we join together 3 options using <code>flatMap()</code> and <code>map()</code>\n</p>\n<br>\n\n<pre>\n    <code>\n        val optInt1 = Some(1)\n        val optInt2 = Some(2)\n        val optInt3 = Some(3)\n\n        val result = optInt1.flatMap { int1 =>\n            optInt2.flatMap { int2 =>\n                optInt3.map { int3 =>\n                    int1 + int2 + int3\n                }\n            }\n        }\n    </code>\n</pre>\n\n<p>\n    Note how the innermost option has used <code>map()</code> instead of <code>flatMap()</code>. Why do you think that is?\n</p>\n\n<p>Got you! I'm sure you didn't start this course to guess, so I'll tell you. Still, it's good to exercise the old\n    grey matter from time to time! If you remember, <code>flatMap()</code> must return an Option[B], but optInt2 is also flat mapped,\n    so that must also return an option. <code>map()</code> wraps the result in an Option for us, so when all methods have ran\n    we're left with an Option[Int] containing the number 6.\n</p>\n\n</html>",
              "description_format" : "HTML",
              "feedback_link" : {
                "link_type" : "STEPIK"
              },
              "task_type" : "edu"
            }
          ],
          "type" : "lesson"
        }
      ],
      "type" : "section"
    }
  ],
  "additional_files" : [
    {
      "name" : "project/build.properties",
      "placeholders" : [ ],
      "is_visible" : true,
      "text" : "sbt.version = 1.4.3\n"
    },
    {
      "name" : "build.sbt",
      "placeholders" : [ ],
      "is_visible" : true,
      "text" : "import sbt._\n\nlazy val subProjectReferences = file(\".\").listFiles\n  .filter(_.isDirectory)\n  .filter(isNotIgnored)\n  .flatMap { dir => getTasks(dir) }\n  .map { dir => ProjectRef(dir, dir.getName.replace(\" \", \"-\").toLowerCase()) }\n\nlazy val root = Project(id = \"Simons_Scala\", base = file(\".\")).aggregate(subProjectReferences: _*)\n\ndef getTasks(dir: File, level: Int = 0): Seq[File] = {\n  if (level > 2) return Seq()\n  dir.listFiles()\n    .filter(_.isDirectory)\n    .flatMap { subDir => if (isTaskDir(subDir)) Seq(subDir) else getTasks(subDir, level + 1) }\n}\n\ndef isTaskDir(dir: File): Boolean = new File(dir, \"src\").exists()\ndef isNotIgnored(dir: File): Boolean = !Seq(\".idea\", \".coursecreator\", \"project\", \"target\").contains(dir.getName)\n"
    }
  ],
  "version" : 11
}